Date,ABT,MMM,w_ABT,w_MMM,total_wealth  ,rw_ABT,rw_MMM,qty_ABT,qty_MMM,total_rebalanced
2010-10-01,21.601771,75.360557,49986.498094,49964.049291,99950.547385,49986.498094,49964.049291,2314.0,663.0,100000.0
2010-10-04,21.573017,74.569275,49919.961338,49439.429325,99359.390663,49919.961338,49439.429325,2304.0,666.0,99408.843278
2010-10-05,21.807188,76.427059,50461.833032,50671.140117,101132.973149,50243.761152,50900.421294,2320.0,661.0,101185.657406
2010-10-06,21.766105,77.312945,50366.76697,51258.482535,101625.249505,50497.3636,51103.856645,2335.0,657.0,101675.915492
2010-10-07,21.601771,76.461463,49986.498094,50693.949969,100680.448063,50440.135285,50235.181191,2331.0,658.0,100732.771928
2010-10-08,21.696268,76.685087,50205.164152,50842.212681,101047.376833,50574.000708,50458.787246,2329.0,659.0,101100.189027
2010-10-11,21.696268,75.902407,50205.164152,50323.295841,100528.459993,50530.608172,50019.686213,2318.0,662.0,100584.402907
2010-10-12,21.983855,75.8164,50870.64047,50266.2732,101136.91367,50958.57589,50190.4568,2301.0,667.0,101194.092939
2010-10-13,22.029415,76.667882,50976.06631,50830.805766,101806.872076,50689.683915,51137.477294,2312.0,664.0,101866.864993
2010-10-14,22.041847,76.607676,51004.833958,50790.889188,101795.723146,50960.750264,50867.496864,2310.0,664.0,101855.630993
2010-10-15,22.025278,76.667882,50966.493292,50830.805766,101797.299058,50878.39218,50907.473648,2312.0,664.0,101857.333387
2010-10-18,22.2324,77.115129,51445.7736,51127.330527,102573.104127,51401.3088,51204.445656,2308.0,665.0,102633.171459
2010-10-19,21.901005,76.160435,50678.92557,50494.368405,101173.293975,50547.51954,50646.689275,2311.0,664.0,101233.440289
2010-10-20,21.714596,76.951711,50247.575144,51018.984393,101266.559537,50182.431356,51095.936104,2333.0,658.0,101328.056354
2010-10-21,21.888574,77.880603,50650.160236,51634.839789,102285.000025,51066.043142,51245.436774,2337.0,657.0,102345.157964
2010-10-22,21.772589,77.785993,50381.770946,51572.113359,101953.884305,50882.540493,51105.397401,2342.0,655.0,102011.942249
2010-10-25,21.751877,78.181631,50333.843378,51834.421353,102168.264731,50942.895934,51208.968305,2349.0,653.0,102222.577635
2010-10-26,21.826438,77.811795,50506.377532,51589.220085,102095.597617,51270.302862,50811.102135,2340.0,656.0,102156.218516
2010-10-27,21.391483,77.725788,49499.891662,51532.197444,101032.089106,50056.07022,50988.116928,2362.0,650.0,101082.003224
2010-10-28,21.437052,73.16734,49605.338328,48509.94642,98115.284748,50634.316824,47558.771,2291.0,671.0,98226.646002
2010-10-29,21.258931,72.43627,49193.166334,48025.24701,97218.413344,48704.210921,48604.73717,2289.0,671.0,97328.022821
2010-11-01,20.960672,72.229852,48502.995008,47888.391876,96391.386884,47978.978208,48466.230692,2302.0,668.0,96506.801492
2010-11-02,21.076656,72.935121,48771.381984,48355.985223,97127.367207,48518.462112,48720.660828,2306.0,666.0,97244.916352
2010-11-03,21.142938,73.365163,48924.758532,48641.103069,97565.861601,48755.615028,48861.198558,2310.0,665.0,97684.170616
2010-11-04,21.076656,74.861707,48771.381984,49633.311741,98404.693725,48687.07536,49783.035155,2337.0,658.0,98526.260956
2010-11-05,21.093233,74.259644,48809.741162,49234.143972,98043.885134,49294.885521,48862.845752,2327.0,660.0,98168.843951
2010-11-08,20.898535,73.846807,48359.20999,48960.433041,97319.643031,48630.890945,48738.89262,2331.0,659.0,97443.309285
2010-11-09,20.732839,73.365163,47975.789446,48641.103069,96616.892515,48328.247709,48347.642417,2333.0,659.0,96739.668513
2010-11-10,20.782551,74.18224,48090.823014,49182.82512,97273.648134,48485.691483,48886.09616,2343.0,656.0,97394.100352
2010-11-11,20.620989,74.397261,47716.968546,49325.384043,97042.352589,48314.977227,48804.603216,2355.0,652.0,97156.614362
2010-11-12,20.123898,74.173637,46566.699972,49177.121331,95743.821303,47391.77979,48361.211324,2381.0,646.0,95840.162209
2010-11-15,19.949922,74.139233,46164.119508,49154.311479,95318.430987,47500.764282,47893.944518,2391.0,643.0,95403.700369
2010-11-16,19.7428,72.453469,45684.8392,48036.649947,93721.489147,47205.0348,46587.580567,2376.0,647.0,93824.525415
2010-11-17,19.800793,72.656854,45819.035002,48171.494202,93990.529204,47046.684168,47008.984538,2376.0,647.0,94093.906878
2010-11-18,19.726232,74.041623,45646.500848,49089.596049,94736.096897,46869.527232,47904.930081,2403.0,640.0,94812.695485
2010-11-19,19.635095,73.574265,45435.60983,48779.737695,94215.347525,47183.133285,47087.5296,2401.0,640.0,94294.584154
2010-11-22,19.572959,73.479062,45291.827126,48716.618106,94008.445232,46994.674559,47026.59968,2403.0,640.0,94084.465698
2010-11-23,19.448686,72.345281,45004.259404,47964.921303,92969.180707,46735.192458,46300.97984,2392.0,643.0,93060.217839
2010-11-24,19.452831,73.271349,45013.850934,48578.904387,93592.755321,46531.171752,47113.477407,2407.0,639.0,93665.594403
2010-11-26,19.38655,73.046323,44860.4767,48429.712149,93290.188849,46663.42585,46676.600397,2407.0,639.0,93362.264422
2010-11-29,19.258134,72.890536,44563.322076,48326.425368,92889.747444,46354.328538,46577.052504,2413.0,637.0,92953.619217
2010-11-30,19.266422,72.682824,44582.500508,48188.712312,92771.21282,46489.876286,46298.958888,2409.0,638.0,92841.305617
2010-12-01,19.473544,74.474362,45061.780816,49376.502006,94438.282822,46911.767496,47514.642956,2425.0,634.0,94483.263759
2010-12-02,19.722089,74.872481,45636.913946,49640.454903,95277.368849,47826.065825,47469.152954,2417.0,636.0,95338.39283
2010-12-03,19.622672,75.244637,45406.863008,49887.194331,95294.057339,47427.998224,47855.589132,2429.0,633.0,95334.793157
2010-12-06,19.436263,75.192704,44975.512582,49852.762752,94828.275334,47210.682827,47596.981632,2440.0,630.0,94849.132107
2010-12-07,19.42383,72.864573,44946.74262,48309.211899,93255.954519,47394.1452,45904.68099,2403.0,640.0,93352.073057
2010-12-08,19.357549,73.288655,44793.368386,48590.378265,93383.746651,46516.190247,46904.7392,2414.0,637.0,93464.212294
2010-12-09,19.523247,72.795333,45176.793558,48263.305779,93440.099337,47129.118258,46370.627121,2395.0,642.0,93549.961152
2010-12-10,19.726232,72.977083,45646.500848,48383.806029,94030.306877,47244.32564,46851.287286,2386.0,645.0,94152.793727
2010-12-13,19.668231,73.825254,45512.286534,48946.143402,94458.429936,46928.399166,47617.28883,2403.0,640.0,94561.473636
2010-12-14,19.904353,74.292606,46058.672842,49255.997778,95314.67062,47830.160259,47547.26784,2397.0,642.0,95427.980082
2010-12-15,19.933354,74.266643,46125.781156,49238.784309,95364.565465,47780.249538,47679.184806,2395.0,642.0,95480.827233
2010-12-16,20.115618,74.777278,46547.540052,49577.335314,96124.875366,48176.90511,48007.012476,2392.0,643.0,96245.177183
2010-12-17,20.049339,74.751315,46394.170446,49560.121845,95954.292291,47958.018888,48065.095545,2395.0,642.0,96069.943606
2010-12-20,19.995491,75.590823,46269.566174,50116.715649,96386.281823,47889.200945,48529.308366,2412.0,638.0,96479.941782
2010-12-21,19.883641,74.889788,46010.745274,49651.929444,95662.674718,47959.342092,47779.684744,2408.0,639.0,95762.899252
2010-12-22,19.817361,75.054231,45857.373354,49760.955153,95618.328507,47720.205288,47959.653609,2414.0,637.0,95708.376089
2010-12-23,19.804937,74.837861,45828.624218,49617.501843,95446.126061,47809.117918,47671.717457,2412.0,638.0,95540.556863
2010-12-27,19.626807,75.30522,45416.431398,49927.36086,95343.792258,47339.858484,48044.73036,2430.0,633.0,95409.082345
2010-12-28,19.630952,75.071537,45426.022928,49772.429031,95198.451959,47703.21336,47520.282921,2426.0,634.0,95271.233356
2010-12-29,19.643383,75.088851,45454.788262,49783.908213,95238.696475,47654.847158,47606.331534,2426.0,634.0,95312.368038
2010-12-30,19.70552,74.898444,45598.57328,49657.668372,95256.241652,47805.59152,47485.613496,2419.0,636.0,95342.394362
2010-12-31,19.846362,74.690732,45924.481668,49519.955316,95444.436984,48008.349678,47503.305552,2407.0,639.0,95550.986328
2011-01-03,19.809081,75.114814,45838.213434,49801.121682,95639.335116,47680.457967,47998.366146,2416.0,637.0,95732.239359
2011-01-04,19.995491,75.010954,46269.566174,49732.262502,96001.828676,48309.106256,47781.977698,2403.0,640.0,96116.447099
2011-01-05,19.995491,75.010954,46269.566174,49732.262502,96001.828676,48049.164873,48007.01056,2403.0,640.0,96116.447099
2011-01-06,19.954067,74.552252,46173.711038,49428.143076,95601.854114,47949.623001,47713.44128,2398.0,641.0,95723.335947
2011-01-07,20.036914,74.630148,46365.418996,49479.788124,95845.20712,48048.519772,47837.924868,2394.0,642.0,95971.934389
2011-01-10,19.858785,75.426386,45953.22849,50007.693918,95960.922408,47541.93129,48423.739812,2418.0,636.0,96056.678359
2011-01-11,19.817361,75.937015,45857.373354,50346.240945,96203.614299,47918.378898,48295.94154,2429.0,633.0,96281.275171
2011-01-12,19.892613,76.73326,46031.506482,50874.15138,96905.657862,48319.156977,48572.15358,2437.0,631.0,96968.085364
2011-01-13,19.804821,76.196661,45828.355794,50518.386243,96346.742037,48264.348777,48080.093091,2434.0,632.0,96415.542291
2011-01-14,19.604134,76.248588,45363.966076,50552.813844,95916.77992,47716.462156,48189.107616,2447.0,629.0,95959.887997
2011-01-18,19.733743,76.283208,45663.881302,50575.766904,96239.648206,48288.469121,47982.137832,2439.0,631.0,96298.8172
2011-01-19,19.78809,76.127421,45789.64026,50472.480123,96262.120383,48263.15151,48036.402651,2434.0,632.0,96333.067936
2011-01-20,20.051491,76.196661,46399.150174,50518.386243,96917.536417,48805.329094,48156.289752,2419.0,636.0,97017.94565
2011-01-21,20.034769,77.278508,46360.455466,51235.650804,97596.10627,48464.106211,49149.131088,2437.0,631.0,97665.549824
2011-01-24,20.139292,78.169949,46602.321688,51826.676187,98428.997875,49079.454604,49325.237819,2445.0,629.0,98482.771646
2011-01-25,20.051491,76.59478,46399.150174,50782.33914,97181.489314,49025.895495,48178.11662,2425.0,635.0,97277.3169
2011-01-26,19.545604,77.520841,45228.527656,51396.317583,96624.845239,47398.0897,49225.734035,2472.0,623.0,96638.58966
2011-01-27,19.390908,77.191962,44870.561112,51178.270806,96048.831918,47934.324576,48090.592326,2476.0,622.0,96051.289531
2011-01-28,19.01881,75.677376,44009.52634,50174.100288,94183.626628,47090.57356,47071.327872,2476.0,622.0,94187.902391
2011-01-31,18.880846,76.092801,43690.277644,50449.527063,94139.804707,46748.974696,47329.722222,2492.0,618.0,94104.697877
2011-02-01,18.910106,75.980292,43757.985284,50374.933596,94132.91888,47123.984152,46955.820456,2488.0,619.0,94108.083235
2011-02-02,19.11915,75.945672,44241.7131,50351.980536,94593.693636,47568.4452,47010.370968,2474.0,622.0,94606.754927
2011-02-03,19.232038,76.118765,44502.935932,50466.741195,94969.677127,47580.062012,47345.87183,2469.0,623.0,94993.703685
2011-02-04,19.282211,76.413031,44619.036254,50661.839553,95280.875807,47607.778959,47605.318313,2471.0,623.0,95300.90854
2011-02-07,19.102428,76.845769,44203.018392,50948.744847,95151.763239,47202.099588,47874.914087,2489.0,618.0,95126.260521
2011-02-08,19.068985,77.434295,44125.63129,51338.937585,95464.568875,47462.703665,47854.39431,2501.0,616.0,95406.729962
2011-02-09,19.039715,78.568068,44057.90051,52090.629084,96148.529594,47618.327215,48397.929888,2521.0,611.0,96031.92986
2011-02-10,19.01881,78.291116,44009.52634,51907.009908,95916.536248,47946.42001,47835.871876,2518.0,611.0,95810.010683
2011-02-11,19.04808,79.450859,44077.25712,52675.919517,96753.176637,47963.06544,48544.474849,2535.0,607.0,96592.315516
2011-02-14,19.223671,79.537406,44483.574694,52733.300178,97216.874872,48732.005985,48279.205442,2525.0,610.0,97089.97273
2011-02-15,19.545604,79.623952,45228.527656,52790.680176,98019.207832,49352.6501,48570.61072,2505.0,615.0,97955.646615
2011-02-16,19.340743,80.390159,44754.479302,53298.675417,98053.154719,48448.561215,49439.947785,2531.0,608.0,97913.687115
2011-02-17,19.365829,80.738433,44812.528306,53529.581079,98342.109385,49014.913199,49088.967264,2535.0,608.0,98188.930373
2011-02-18,19.59995,80.938687,45354.2843,53662.349481,99016.633781,49685.87325,49210.721696,2523.0,610.0,98904.18154
2011-02-22,19.637585,80.102832,45441.37169,53108.177616,98549.549306,49545.626955,48862.72752,2507.0,614.0,98489.263095
2011-02-23,19.428542,78.587845,44957.646188,52103.741235,97061.387423,48707.354794,48252.93683,2497.0,617.0,97034.990276
2011-02-24,19.733743,78.387585,45663.881302,51970.968855,97634.850157,49275.156271,48365.139945,2474.0,623.0,97673.516753
2011-02-25,19.917699,78.579137,46089.555486,52097.967831,98187.523317,49276.387326,48954.802351,2466.0,625.0,98247.960793
2011-02-28,20.110022,80.303092,46534.590908,53240.949996,99775.540904,49591.314252,50189.4325,2481.0,621.0,99799.701186
2011-03-01,19.85917,78.761979,45954.11938,52219.192077,98173.311457,49270.60077,48911.188959,2472.0,623.0,98220.306201
2011-03-02,19.934421,79.510767,46128.250194,52715.638521,98843.888715,49277.888712,49535.207841,2479.0,621.0,98872.821597
2011-03-03,20.214544,80.808083,46776.454816,53575.759029,100352.213845,50111.854576,50181.819543,2482.0,621.0,100372.87975
2011-03-04,20.356691,80.268264,47105.382974,53217.859032,100323.242006,50525.307062,49846.591944,2465.0,625.0,100390.461005
2011-03-07,20.277257,80.451106,46921.572698,53339.083278,100260.655976,49983.438505,50281.94125,2473.0,623.0,100308.932445
2011-03-08,20.360875,81.626527,47115.06475,54118.387401,101233.452151,50352.443875,50853.326321,2486.0,620.0,101248.007042
2011-03-09,20.515571,81.121529,47473.031294,53783.573727,101256.605021,51001.709506,50295.34798,2469.0,624.0,101319.482538
2011-03-10,20.277257,78.370175,46921.572698,51959.426025,98880.998723,50064.547533,48902.9892,2441.0,631.0,99014.240376
2011-03-11,20.260535,79.763266,46882.87799,52883.045358,99765.923348,49455.965935,50330.620846,2464.0,625.0,99852.462395
2011-03-14,20.160195,79.24956,46650.69123,52542.45828,99193.14951,49674.72048,49530.975,2462.0,626.0,99284.158385
2011-03-15,19.921883,77.926124,46099.237262,51665.020212,97764.257474,49047.675946,48781.753624,2456.0,627.0,97868.963305
2011-03-16,19.528882,76.228295,45189.832948,50539.359585,95729.192533,47962.934192,47795.140965,2453.0,628.0,95839.214066
2011-03-17,19.75883,77.220873,45721.93262,51197.438799,96919.371419,48468.40999,48494.708244,2455.0,628.0,97026.615494
2011-03-18,20.030587,77.473372,46350.778318,51364.845636,97715.623954,49175.091085,48653.277616,2442.0,631.0,97852.348301
2011-03-21,20.080752,79.188612,46466.860128,52502.049756,98968.909884,49037.196384,49968.014172,2466.0,625.0,99057.167671
2011-03-22,20.051491,78.970941,46399.150174,52357.733883,98756.884057,49446.976806,49356.838125,2464.0,625.0,98848.96567
2011-03-23,20.064031,80.224727,46428.167734,53188.994001,99617.161735,49437.772384,50140.454375,2483.0,621.0,99663.48048
2011-03-24,20.114204,80.60783,46544.268056,53442.99129,99987.259346,49943.568532,50057.46243,2486.0,620.0,100025.967002
2011-03-25,20.080752,80.337913,46466.860128,53264.036319,99730.896447,49920.749472,49809.50606,2484.0,620.0,99775.45679
2011-03-28,20.101657,80.207316,46515.234298,53177.450508,99692.684806,49932.515988,49728.53592,2481.0,621.0,99746.41467
2011-03-29,20.227084,80.834202,46805.472376,53593.075926,100398.548302,50183.395404,50198.039442,2482.0,621.0,100446.895263
2011-03-30,20.469579,80.512054,47366.605806,53379.491802,100746.097608,50805.495078,49997.985534,2463.0,626.0,100848.713945
2011-03-31,20.507204,81.408856,47453.670056,53974.071528,101427.741584,50509.243452,50961.943856,2474.0,623.0,101502.782372
2011-04-01,20.640997,81.086701,47763.267058,53760.482763,101523.749821,51065.826578,50517.014723,2461.0,626.0,101633.083689
2011-04-04,21.00891,81.530751,48614.61774,54054.887913,102669.505653,51702.92751,51038.250126,2446.0,630.0,102816.492882
2011-04-05,20.900207,81.313081,48363.078998,53910.572703,102273.651701,51121.906322,51227.24103,2450.0,629.0,102413.473244
2011-04-06,21.188684,81.687475,49030.614776,54158.795925,103189.410701,51912.2758,51381.421775,2438.0,632.0,103355.73572
2011-04-07,21.109249,81.138947,48846.802186,53795.121861,102641.924047,51464.349062,51279.814504,2435.0,633.0,102815.403494
2011-04-08,21.109249,81.165066,48846.802186,53812.438758,102659.240944,51401.021315,51377.486778,2435.0,633.0,102831.936821
2011-04-11,21.28485,81.670064,49253.1429,54147.252432,103400.395332,51828.60975,51697.150512,2433.0,634.0,103579.18899
2011-04-12,21.335015,80.424987,49369.22471,53321.766381,102690.991091,51908.091495,50989.441758,2411.0,639.0,102911.861617
2011-04-13,21.292809,80.85162,49271.560026,53604.62406,102876.184086,51336.962499,51664.18518,2420.0,637.0,103082.721438
2011-04-14,21.524942,80.921276,49808.715788,53650.805988,103459.521776,52090.35964,51546.852812,2408.0,640.0,103688.85417
2011-04-15,21.904794,80.816792,50687.693316,53581.533096,104269.226412,52746.743952,51722.74688,2386.0,646.0,104536.668026
2011-04-18,21.643113,79.623954,50082.163482,52790.681502,102872.844984,51640.467618,51437.074284,2382.0,647.0,103141.723812
2011-04-19,21.562924,79.980937,49896.606136,53027.361231,102923.967367,51362.884968,51747.666239,2392.0,645.0,103181.681615
2011-04-20,21.44053,81.635236,49613.38642,54124.161468,103737.547888,51285.74776,52654.72722,2424.0,636.0,103955.938022
2011-04-21,21.862587,81.774542,50590.026318,54216.521346,104806.547664,52994.910888,52008.608712,2402.0,642.0,105067.602806
2011-04-25,21.660004,81.948682,50121.249256,54331.976166,104453.225422,52027.329608,52611.053844,2416.0,638.0,104692.79632
2011-04-26,21.849929,83.533325,50560.735706,55382.594475,105943.330181,52789.428464,53294.26135,2429.0,635.0,106162.657354
2011-04-27,22.022965,83.994786,50961.14101,55688.543118,106649.684128,53493.781985,53336.68911,2426.0,636.0,106875.989533
2011-04-28,22.069393,84.656507,51068.575402,56127.264141,107195.839543,53540.347418,53841.538452,2433.0,634.0,107409.478417
2011-04-29,21.963879,84.639089,50824.416006,56115.716007,106940.132013,53438.117607,53661.182426,2439.0,632.0,107141.719843
2011-05-02,22.19601,84.38659,51361.56714,55948.30917,107309.87631,54136.06839,53332.32488,2422.0,637.0,107548.307984
2011-05-03,22.305747,84.308232,51615.498558,55896.357816,107511.856374,54024.519234,53704.343784,2415.0,639.0,107764.176952
2011-05-04,22.343731,83.759698,51703.393534,55532.679774,107236.073308,53960.110365,53522.447022,2405.0,641.0,107505.395086
2011-05-05,22.187574,82.645224,51342.046236,54793.783512,106135.829748,53361.11547,52975.588584,2398.0,643.0,106415.459667
2011-05-06,22.166473,83.237289,51293.218522,55186.322607,106479.541129,53155.202254,53521.576827,2407.0,641.0,106745.557264
2011-05-09,22.225558,83.576855,51429.941212,55411.454865,106841.396077,53496.918106,53572.764055,2409.0,640.0,107105.436665
2011-05-10,22.301526,83.333065,51605.731164,55249.822095,106855.553259,53724.376134,53333.1616,2401.0,642.0,107132.417977
2011-05-11,22.390159,83.167633,51810.827926,55140.140679,106950.968605,53758.771759,53393.620386,2394.0,644.0,107239.018466
2011-05-12,22.592743,84.151509,52279.607302,55792.450467,108072.057769,54087.026742,54193.571796,2398.0,643.0,108357.620706
2011-05-13,22.575862,83.594272,52240.544668,55423.002336,107663.547004,54136.917076,53751.116896,2391.0,645.0,107958.836677
2011-05-16,22.791115,83.115394,52738.64011,55105.506222,107844.146332,54493.555965,53609.42913,2372.0,650.0,108164.63029
2011-05-17,22.580085,81.722303,52250.31669,54181.886889,106432.203579,53559.96162,53119.49695,2363.0,653.0,106758.55798
2011-05-18,22.715147,82.274066,52562.850158,54547.705758,107110.555916,53675.892361,53724.965098,2364.0,652.0,107438.010725
2011-05-19,22.546325,82.948441,52172.19605,54994.816383,107167.012433,53299.5123,54082.383532,2383.0,647.0,107478.608017
2011-05-20,22.584308,81.941252,52260.088712,54327.050076,106587.138788,53818.405964,53015.990044,2367.0,652.0,106917.470223
2011-05-23,22.474571,81.004131,52006.157294,53705.738853,105711.896147,53197.309557,52814.693412,2359.0,654.0,106046.719852
2011-05-24,22.508332,80.54871,52084.280248,53403.79473,105488.074978,53097.155188,52678.85634,2350.0,656.0,105828.516717
2011-05-25,22.356399,81.179298,51732.707286,53821.874574,105554.58186,52537.53765,53253.619488,2368.0,652.0,105885.139895
2011-05-26,22.006085,81.293151,50922.08069,53897.359113,104819.439803,52110.40928,53003.134452,2388.0,646.0,105129.828499
2011-05-27,21.757073,81.862432,50345.866922,54274.792416,104620.659338,51955.890324,52883.131072,2410.0,640.0,104902.943369
2011-05-31,22.052513,82.65942,51029.515082,54803.19546,105832.710542,53146.55633,52902.0288,2406.0,641.0,106125.026089
2011-06-01,21.913238,80.084529,50707.232732,53096.042727,103803.275459,52723.250628,51334.183089,2376.0,650.0,104139.425308
2011-06-02,21.630456,80.102042,50052.875184,53107.653846,103160.52903,51393.963456,52066.3273,2391.0,645.0,103478.918726
2011-06-03,21.558703,79.436421,49886.838742,52666.347123,102553.185865,51546.858873,51236.491545,2385.0,647.0,102878.031758
2011-06-06,21.533386,79.366361,49828.255204,52619.897343,102448.152547,51357.12561,51350.035567,2386.0,647.0,102772.321893
2011-06-07,21.68532,79.567794,50179.83048,52753.447422,102933.277902,51741.17352,51480.362718,2380.0,648.0,103265.163568
2011-06-08,21.748629,79.620348,50326.327506,52788.290724,103114.61823,51761.73702,51593.985504,2378.0,649.0,103449.89398
2011-06-09,21.748629,80.53995,50326.327506,53397.98685,103724.314356,51718.239762,52270.42755,2392.0,645.0,104046.715678
2011-06-10,21.482735,79.462701,49711.04879,52683.770763,102394.819553,51386.70212,51253.442145,2390.0,646.0,102715.871625
2011-06-13,21.693764,79.961915,50199.369896,53014.749645,103214.119541,51848.09596,51655.39709,2386.0,647.0,103542.723179
2011-06-14,21.647336,81.091711,50091.935504,53763.804393,103855.739897,51650.543696,52466.337017,2405.0,642.0,104162.923983
2011-06-15,21.655781,79.725441,50111.477234,52857.967383,102969.444617,52082.153305,51183.733122,2385.0,647.0,103306.088868
2011-06-16,21.655781,80.207142,50111.477234,53177.335146,103288.81238,51649.037685,51894.020874,2392.0,645.0,103617.749415
2011-06-17,21.811937,80.382303,50472.822218,53293.466889,103766.289107,52174.153304,51846.585435,2386.0,647.0,104104.253412
2011-06-20,21.955443,81.065437,50804.895102,53746.384731,104551.279833,52385.686998,52449.337739,2388.0,646.0,104888.646426
2011-06-21,22.056736,81.827399,51039.287104,54251.565537,105290.852641,52671.485568,52860.499754,2394.0,645.0,105622.761562
2011-06-22,21.98076,81.275638,50863.47864,53885.747994,104749.226634,52621.93944,52422.78651,2390.0,646.0,105084.989173
2011-06-23,21.913238,80.872757,50707.232732,53618.637891,104325.870623,52372.63882,52243.801022,2388.0,647.0,104663.350467
2011-06-24,21.841485,79.602828,50541.19629,52776.674964,103317.871254,52157.46618,51503.029716,2373.0,651.0,103670.36024
2011-06-27,21.904794,80.793937,50687.693316,53566.380231,104254.073547,51980.076162,52596.852987,2387.0,647.0,104596.004456
2011-06-28,22.052513,81.468312,51029.515082,54013.490856,105043.005938,52639.348531,52709.997864,2389.0,646.0,105384.930334
2011-06-29,22.014529,81.547138,50941.620106,54065.752494,105007.3726,52592.709781,52679.451148,2392.0,645.0,105345.108154
2011-06-30,22.208678,83.071055,51390.880892,55076.109465,106466.990357,53123.157776,53580.830475,2404.0,642.0,106792.439027
2011-07-01,22.411263,84.665038,51859.662582,56132.920194,107992.582776,53876.676252,54354.954396,2416.0,639.0,108302.790453
2011-07-05,22.436588,84.200857,51918.264632,55825.168191,107743.432823,54206.796608,53804.347623,2408.0,641.0,108067.363994
2011-07-06,22.487229,85.164252,52035.447906,56463.899076,108499.346982,54149.247432,54590.285532,2419.0,638.0,108806.843717
2011-07-07,22.596966,85.8036,52289.379324,56887.7868,109177.166124,54662.060754,54742.6968,2422.0,637.0,109480.201544
2011-07-08,22.508332,85.497066,52084.280248,56684.554758,108768.835006,54515.180104,54461.631042,2422.0,637.0,109070.267838
2011-07-11,22.445024,84.568698,51937.785536,56069.046774,108006.83231,54361.848128,53870.260626,2413.0,640.0,108325.565446
2011-07-12,22.491452,83.973143,52045.219928,55674.193809,107719.413737,54271.873676,53742.81152,2402.0,643.0,108056.44101
2011-07-13,22.474418,84.24465,52005.803252,55854.20295,107860.006202,53983.552036,54169.30995,2406.0,642.0,108190.104343
2011-07-14,22.640516,83.184915,52390.154024,55151.598645,107541.752669,54473.081496,53404.71543,2383.0,648.0,107909.386261
2011-07-15,22.589404,83.614062,52271.880856,55436.123106,107708.003962,53830.549732,54181.912176,2391.0,646.0,108065.673621
2011-07-18,22.376458,82.852101,51779.123812,54930.942963,106710.066775,53502.111078,53522.457246,2392.0,646.0,107064.292929
2011-07-19,22.52552,82.56308,52124.05328,54739.32204,106863.37532,53881.04384,53335.74968,2380.0,649.0,107234.141667
2011-07-20,22.316834,82.545567,51641.153876,54727.710921,106368.864797,53114.06492,53572.072983,2391.0,646.0,106726.10305
2011-07-21,22.508486,83.93811,52084.636604,55650.96693,107735.603534,53817.790026,54224.01906,2400.0,643.0,108083.92576
2011-07-22,22.551077,83.535236,52183.192178,55383.861468,107567.053646,54122.5848,53713.156748,2392.0,645.0,107927.096178
2011-07-25,22.393492,83.263735,51818.540488,55203.856305,107022.396793,53565.232864,53705.109075,2397.0,644.0,107375.034713
2011-07-26,22.223133,78.762046,51424.329762,52219.236498,103643.56626,53268.849801,50722.757624,2341.0,660.0,104067.596474
2011-07-27,22.074072,77.14179,51079.402608,51145.00677,102224.409378,51675.402552,50913.5814,2325.0,665.0,102649.275713
2011-07-28,21.984641,76.695122,50872.459274,50848.865886,101721.32516,51114.290325,51002.25613,2323.0,665.0,102144.314418
2011-07-29,21.856873,76.318522,50576.804122,50599.180086,101175.984208,50773.515979,50751.81713,2324.0,665.0,101597.070354
2011-08-01,21.494862,75.994468,49739.110668,50384.332284,100123.442952,49954.059288,50536.32122,2338.0,661.0,100540.26088
2011-08-02,21.379868,74.680745,49473.014552,49513.333935,98986.348487,49986.131384,49363.972445,2324.0,665.0,99403.034005
2011-08-03,21.418197,75.47774,49561.707858,50041.74162,99603.449478,49775.889828,50192.6971,2334.0,662.0,100022.112276
2011-08-04,20.770844,72.018273,48063.733016,47748.114999,95811.848015,48479.149896,47676.096726,2316.0,668.0,96221.02322
2011-08-05,21.392641,72.473694,49502.571274,48050.059122,97552.630396,49545.356556,48412.427592,2289.0,675.0,97965.3263
2011-08-08,20.468458,68.8303,47364.011812,45634.4889,92998.500712,46852.300362,46460.4525,2281.0,678.0,93390.580463
2011-08-09,20.681403,72.421147,47856.766542,48015.220461,95871.987003,47174.280243,49101.537666,2328.0,664.0,96310.902274
2011-08-10,19.970158,68.515013,46210.945612,45425.453619,91636.399231,46490.527824,45493.968632,2304.0,671.0,92061.450938
2011-08-11,21.030632,71.133698,48664.882448,47161.641774,95826.524222,48454.576128,47730.711358,2288.0,676.0,96261.920669
2011-08-12,21.137105,72.289774,48911.26097,47928.120162,96839.381132,48361.69624,48867.887224,2301.0,672.0,97287.038269
2011-08-15,21.25636,72.964148,49187.21704,48375.230124,97562.447164,48910.88436,49031.907456,2305.0,671.0,98014.623352
2011-08-16,21.324505,71.930686,49344.90457,47690.044818,97034.949388,49152.984025,48265.490306,2285.0,677.0,97478.244575
2011-08-17,21.358573,71.357571,49423.737922,47310.069573,96733.807495,48804.339305,48309.075567,2274.0,680.0,97168.0911
2011-08-18,20.813433,68.262734,48162.283962,45258.192642,93420.476604,47329.746642,46418.65912,2253.0,687.0,93823.95358
2011-08-19,20.902864,67.777792,48369.227296,44936.676096,93305.903392,47094.152592,46563.343104,2241.0,691.0,93692.286469
2011-08-22,21.030632,67.848324,48664.882448,44983.438812,93648.32126,47129.646312,46883.191884,2235.0,692.0,94027.352169
2011-08-23,21.511896,70.246603,49778.527344,46573.497789,96352.025133,48079.08756,48610.649276,2249.0,688.0,96762.586277
2011-08-24,21.767432,70.793271,50369.837648,46935.938673,97305.776321,48954.954568,48705.770448,2244.0,690.0,97713.394325
2011-08-25,21.269134,68.941661,49216.776076,45708.321243,94925.097319,47727.936696,47569.74609,2240.0,691.0,95317.602713
2011-08-26,21.358573,70.546391,49423.737922,46772.257233,96195.995155,47843.20352,48747.556181,2262.0,684.0,96626.814503
2011-08-29,21.810023,72.389182,50468.393222,47994.027666,98462.420888,49334.272026,49514.200488,2267.0,683.0,98908.463447
2011-08-30,22.035743,72.362731,50990.709302,47976.490653,98967.199955,49955.029381,49423.745273,2255.0,686.0,99402.104654
2011-08-31,22.363684,73.165099,51749.564776,48508.460637,100258.025413,50430.10742,50191.257914,2251.0,688.0,100692.036057
2011-09-01,22.120922,71.957141,51187.813508,47707.584483,98895.397991,49794.195422,49506.513008,2244.0,690.0,99314.503691
2011-09-02,21.737618,69.964453,50300.848052,46386.432339,96687.280391,48779.214792,48275.47257,2232.0,693.0,97079.414795
2011-09-06,21.844091,68.844672,50547.226574,45644.017536,96191.24411,48756.011112,47709.357696,2209.0,701.0,96541.054298
2011-09-07,22.274245,71.040152,51542.60293,47099.620776,98642.223706,49203.807205,49799.146552,2222.0,697.0,99030.295964
2011-09-08,21.907975,69.885101,50695.05415,46333.821963,97028.876113,48679.52045,48709.915397,2223.0,696.0,97411.373477
2011-09-09,21.47782,67.583812,49699.67548,44808.067356,94507.742836,47745.19386,47038.333152,2208.0,701.0,94853.441768
2011-09-12,21.511896,68.968112,49778.527344,45725.858256,95504.3856,47498.266368,48346.646512,2228.0,695.0,95899.075876
2011-09-13,21.541704,68.606604,49847.503056,45486.178452,95333.681508,47994.916512,47681.58978,2221.0,697.0,95714.24004
2011-09-14,21.686515,70.043811,50182.59571,46439.046693,96621.642403,48165.749815,48820.536267,2237.0,692.0,97037.59855
2011-09-15,21.844091,71.093053,50547.226574,47134.694139,97681.920713,48865.231567,49196.392676,2245.0,690.0,98116.171526
2011-09-16,22.218882,71.004882,51414.492948,47076.236766,98490.729714,49881.39009,48993.36858,2225.0,696.0,98896.739331
2011-09-19,22.142216,69.841013,51237.087824,46304.591619,97541.679443,49266.4306,48609.345048,2211.0,700.0,97916.104657
2011-09-20,22.474418,69.841013,52005.803252,46304.591619,98310.394871,49690.938198,48888.7091,2194.0,706.0,98650.603279
2011-09-21,22.035743,67.310475,50990.709302,44626.844925,95617.554227,48346.420142,47521.19535,2176.0,712.0,95901.590501
2011-09-22,21.588554,64.277364,49955.913956,42615.892332,92571.806288,46976.693504,45765.483168,2148.0,721.0,92768.932205
2011-09-23,21.703548,65.238435,50222.010072,43253.082405,93475.092477,46619.221104,47036.911635,2158.0,718.0,93708.871508
2011-09-26,21.614109,66.296503,50015.048226,43954.581489,93969.629715,46643.247222,47600.889154,2180.0,711.0,94275.55497
2011-09-27,21.805761,67.257574,50458.530954,44591.771562,95050.302516,47536.55898,47820.135114,2186.0,709.0,95376.677811
2011-09-28,21.682255,64.894565,50172.73807,43025.096595,93197.834665,47397.40943,46010.246585,2154.0,719.0,93431.320314
2011-09-29,22.082593,65.714564,51099.120202,43568.755932,94667.876134,47565.905322,47248.771516,2148.0,721.0,94883.227647
2011-09-30,21.780206,63.298654,50399.396684,41967.007602,92366.404286,46783.882488,45638.329534,2123.0,730.0,92491.829261
2011-10-03,21.358573,62.540375,49423.737922,41464.268625,90888.006547,45344.250479,45654.47375,2131.0,727.0,91043.158732
2011-10-04,21.507636,63.492634,49768.669704,42095.616342,91864.286046,45832.772316,46159.144918,2140.0,724.0,92053.104278
2011-10-05,21.767432,63.951125,50369.837648,42399.595875,92769.433523,46582.30448,46300.6145,2134.0,726.0,92941.015202
2011-10-06,21.79724,65.820373,50438.81336,43638.907299,94077.720659,46515.31016,47785.590798,2164.0,716.0,94361.699522
2011-10-07,21.946304,65.088544,50783.747456,43153.704672,93937.452128,47491.801856,46603.397504,2145.0,723.0,94160.284454
2011-10-10,22.410534,67.645533,51857.975676,44848.988379,96706.964055,48070.59543,48907.720359,2164.0,717.0,97004.760851
2011-10-11,22.444602,67.381014,51936.809028,44673.612282,96610.42131,48570.118728,48312.187038,2158.0,718.0,96888.82388
2011-10-12,22.491872,69.091552,52046.191808,45807.698976,97853.890784,48537.459776,49607.734336,2183.0,710.0,98218.998824
2011-10-13,22.414511,68.597791,51867.178454,45480.335433,97347.513887,48930.877513,48704.43161,2179.0,712.0,97699.549451
2011-10-14,22.663797,69.558863,52444.026258,46117.526169,98561.552427,49384.413663,49525.910456,2182.0,711.0,98927.026909
2011-10-17,22.367231,66.904885,51757.772534,44357.938755,96115.711289,48805.298042,47569.373235,2154.0,720.0,96392.941539
2011-10-18,22.539153,69.091552,52155.600042,45807.698976,97963.299018,48549.335562,49745.91744,2181.0,711.0,98337.661767
2011-10-19,22.887301,68.509614,52961.214514,45421.874082,98383.088596,49917.203481,48710.335554,2155.0,720.0,98683.214637
2011-10-20,23.231147,69.373702,53756.874158,45994.764426,99751.638584,50063.121785,49949.06544,2153.0,721.0,100046.346127
2011-10-21,23.149485,70.9608,53567.90829,47047.0104,100614.91869,49840.841205,51162.7368,2181.0,711.0,101014.825499
2011-10-24,22.973262,72.459721,53160.128268,48040.795023,101200.923291,50104.684422,51518.861631,2213.0,701.0,101696.215967
2011-10-25,22.775549,67.927683,52702.620386,45036.053829,97738.674215,50402.289937,47617.305783,2153.0,721.0,98081.71846
2011-10-26,23.059224,67.910044,53359.044336,45024.359172,98383.403508,49646.509272,48963.141724,2139.0,726.0,98679.753016
2011-10-27,23.265528,71.7808,53836.431792,47590.6704,101427.102192,49764.964392,52112.8608,2190.0,710.0,101931.206128
2011-10-28,23.304217,71.419292,53925.958138,47350.990596,101276.948734,51036.23523,50707.69732,2183.0,712.0,101759.264358
2011-10-31,23.153786,69.673484,53577.860804,46193.519892,99771.380696,50544.714838,49607.520608,2163.0,718.0,100187.858189
2011-11-01,22.676697,67.478004,52473.876858,44737.916652,97211.79351,49049.695611,48449.206872,2151.0,723.0,97579.560042
2011-11-02,22.728268,68.827034,52593.212152,45632.323542,98225.535694,48888.504468,49761.945582,2170.0,716.0,98665.837953
2011-11-03,23.140886,70.220152,53548.010204,46555.960776,100103.97098,50215.72262,50277.628832,2172.0,716.0,100558.691501
2011-11-04,22.921682,69.920371,53040.772148,46357.205973,99397.978121,49785.893304,50062.985636,2178.0,714.0,99867.937217
2011-11-07,23.050624,70.264241,53339.143936,46585.191783,99924.335719,50204.259072,50168.668074,2177.0,714.0,100394.296073
2011-11-08,23.32141,72.15112,53965.74274,47836.19256,101801.9353,50770.70957,51515.89968,2193.0,709.0,102331.028801
2011-11-09,22.754058,69.655852,52652.890212,46181.829876,98834.720088,49899.649194,49385.999068,2182.0,712.0,99317.680853
2011-11-10,23.188166,70.819722,53657.416124,46953.475686,100610.89181,50596.578212,50423.642064,2179.0,713.0,101093.579949
2011-11-11,23.437452,72.556711,54234.263928,48105.099393,102339.363321,51070.207908,51732.934943,2194.0,708.0,102875.2473
2011-11-14,23.312808,72.18639,53945.837712,47859.57657,101805.414282,51148.300752,51107.96412,2194.0,708.0,102339.591096
2011-11-15,23.424561,72.18639,54204.434154,47859.57657,102064.010724,51393.486834,51107.96412,2189.0,710.0,102584.777178
2011-11-16,23.110804,72.18639,53478.400456,47859.57657,101337.977026,50589.549956,51252.3369,2204.0,705.0,101897.963105
2011-11-17,22.956071,70.916712,53120.348294,47017.780056,100138.12835,50595.180484,49996.28196,2192.0,709.0,100661.808583
2011-11-18,23.003352,71.013701,53229.756528,47082.083763,100311.840291,50423.347584,50348.714009,2191.0,709.0,100834.213736
2011-11-21,22.680996,69.118003,52483.824744,45825.235989,98309.060733,49694.062236,49004.664127,2177.0,714.0,98783.881858
2011-11-22,22.646607,69.109123,52404.248598,45819.348549,98223.597147,49301.663439,49343.913822,2179.0,714.0,98702.676685
2011-11-23,22.500474,67.075717,52066.096836,44471.200371,96537.297207,49028.532846,47892.061938,2154.0,722.0,96932.400994
2011-11-25,22.371531,67.599604,51767.722734,44818.537452,96586.260186,48188.277774,48806.914088,2168.0,717.0,97032.904186
2011-11-28,22.86581,69.011448,52911.48434,45754.590024,98666.074364,49573.07608,49481.208216,2167.0,718.0,99116.793206
2011-11-29,22.801339,68.585229,52762.298446,45472.006827,98234.305273,49410.501613,49244.194422,2163.0,719.0,98671.059307
2011-11-30,23.446052,71.95944,54254.164328,47709.10872,101963.273048,50713.810476,51738.83736,2185.0,712.0,102491.631235
2011-12-01,23.433162,71.302359,54224.336868,47273.464017,101497.800885,51201.45897,50767.279608,2176.0,715.0,101995.624913
2011-12-02,23.274129,70.822866,53856.334506,46955.560158,100811.894664,50644.504704,50638.34919,2176.0,715.0,101306.73161
2011-12-05,23.342899,71.861765,54015.468286,47644.350195,101659.818481,50794.148224,51381.161975,2189.0,711.0,102199.187915
2011-12-06,23.441751,72.927302,54244.211814,48350.801226,102595.01304,51313.992939,51851.311722,2200.0,707.0,103173.17175
2011-12-07,23.510523,73.158171,54403.350222,48503.867373,102907.217595,51723.1506,51722.826897,2200.0,707.0,103487.694533
2011-12-08,23.287019,71.444428,53886.161966,47367.655764,101253.81773,51231.4418,50511.210596,2185.0,712.0,101784.369432
2011-12-09,23.454651,72.989458,54274.062414,48392.010654,102666.073068,51248.412435,51968.494096,2201.0,707.0,103250.706712
2011-12-12,23.325708,71.559859,53975.688312,47444.186517,101419.874829,51339.883308,50592.820313,2185.0,712.0,101956.176676
2011-12-13,23.360089,70.512085,54055.245946,46749.512355,100804.758301,51041.794465,50204.60452,2167.0,718.0,101285.284073
2011-12-14,23.30851,69.712929,53935.89214,46219.671927,100155.564067,50509.54117,50053.883022,2158.0,721.0,100599.718372
2011-12-15,23.592184,70.02371,54592.313776,46425.71973,101018.033506,50911.933072,50487.09491,2149.0,724.0,101435.959965
2011-12-16,23.592184,70.032591,54592.313776,46431.607833,101023.921609,50699.603416,50703.595884,2149.0,724.0,101442.389809
2011-12-19,23.360089,69.100241,54055.245946,45813.459783,99868.705729,50200.831261,50028.574484,2146.0,725.0,100268.596254
2011-12-20,23.579295,71.311234,54562.48863,47279.348142,101841.836772,50601.16707,51700.64465,2170.0,717.0,102341.982255
2011-12-21,23.828578,71.035972,55139.329492,47096.849436,102236.178928,51708.01426,50932.791924,2154.0,722.0,102685.563511
2011-12-22,23.918841,71.897284,55348.198074,47667.899292,103016.097366,51521.183514,51909.839048,2163.0,719.0,103501.857277
2011-12-23,24.077874,72.989458,55716.200436,48392.010654,104108.21109,52080.441462,52479.420302,2172.0,716.0,104631.118762
2011-12-27,24.168127,73.060496,55925.045878,48439.108848,104364.154726,52493.171844,52311.315136,2169.0,717.0,104878.011486
2011-12-28,23.996202,72.057115,55527.211428,47773.867245,103301.078673,52047.762138,51664.951455,2162.0,720.0,103785.681984
2011-12-29,24.211107,72.909546,56024.501598,48339.028998,104363.530596,52344.413334,52494.87312,2165.0,719.0,104864.056914
2011-12-30,24.168127,72.572128,55925.045878,48115.320864,104040.366742,52323.994955,52179.360032,2162.0,720.0,104528.401672
2012-01-03,24.37874,74.134914,56412.40436,49151.447982,105563.852342,52706.83588,53377.13808,2176.0,715.0,106108.952898
2012-01-04,24.284178,74.747601,56193.587892,49557.659463,105751.247355,52842.371328,53444.534715,2189.0,711.0,106341.257191
2012-01-05,24.228306,74.410183,56064.300084,49333.951329,105398.251413,53035.761834,52905.640113,2187.0,712.0,105979.049185
2012-01-06,24.009102,74.028364,55557.062028,49080.805332,104637.86736,52507.906074,52708.195168,2191.0,710.0,105227.794909
2012-01-09,24.004802,74.472339,55547.111828,49375.160757,104922.272585,52594.521182,52875.36069,2198.0,708.0,105533.595859
2012-01-10,24.116554,74.854158,55805.705956,49628.306754,105434.01271,53008.185692,52996.743864,2198.0,708.0,106049.554607
2012-01-11,24.025515,74.383539,55595.04171,49316.286357,104911.328067,52808.08197,52663.545612,2195.0,709.0,105516.252633
2012-01-12,23.912799,74.836395,55334.216886,49616.529885,104950.746771,52488.593805,53059.004055,2207.0,705.0,105589.915917
2012-01-13,24.029842,74.232589,55605.054388,49216.206507,104821.260895,53033.861294,52333.975245,2193.0,710.0,105422.546588
2012-01-17,24.151232,74.792002,55885.950848,49587.097326,105473.048174,52963.651776,53102.32142,2196.0,709.0,106085.938088
2012-01-18,23.999501,75.537876,55534.845314,50081.611788,105616.457102,52702.904196,53556.354084,2214.0,703.0,106281.561478
2012-01-19,24.029842,76.186082,55605.054388,50511.372366,106116.426754,53202.070188,53558.815646,2222.0,700.0,106804.42527
2012-01-20,24.172909,76.052888,55936.111426,50423.064744,106359.17617,53712.203798,53237.0216,2213.0,703.0,107029.084344
2012-01-23,24.15557,76.01737,55895.98898,50399.51631,106295.50529,53456.27641,53440.21111,2214.0,703.0,106965.743983
2012-01-24,24.268276,76.301513,56156.790664,50587.903119,106744.693783,53729.963064,53639.963639,2213.0,703.0,107415.027596
2012-01-25,23.943138,76.789888,55404.421332,50911.695744,106316.117076,52986.164394,53983.291264,2235.0,696.0,107038.824827
2012-01-26,23.78708,77.766632,55043.30312,51559.277016,106602.580136,53164.1238,54125.575872,2256.0,690.0,107369.849021
2012-01-27,23.852107,77.660075,55193.775598,51488.629725,106682.405323,53810.353392,53585.45175,2252.0,691.0,107443.025603
2012-01-30,23.613673,77.553519,54642.039322,51417.983097,106060.022419,53177.991596,53589.481629,2262.0,688.0,106832.442039
2012-01-31,23.474945,76.994113,54321.02273,51047.096919,105368.119649,53100.32559,52971.949744,2260.0,689.0,106133.767975
2012-02-01,23.522633,77.5624,54431.372762,51423.8712,105855.243962,53161.15058,53440.4936,2266.0,687.0,106633.092598
2012-02-02,23.605,77.633438,54621.97,51470.969394,106092.939394,53488.93,53334.171906,2263.0,688.0,106868.539326
2012-02-03,23.843433,77.899825,55173.703962,51647.583975,106821.287937,53957.688879,53595.0796,2256.0,690.0,107591.387461
2012-02-06,24.012504,77.748869,55564.934256,51547.500147,107112.434403,54172.209024,53646.71961,2246.0,693.0,107868.651997
2012-02-07,24.151232,78.041894,55885.950848,51741.775722,107627.72657,54243.667072,54083.032542,2243.0,694.0,108383.30141
2012-02-08,24.090542,78.112931,55745.514188,51788.873253,107534.387441,54035.085706,54210.374114,2247.0,693.0,108296.473418
2012-02-09,23.95615,78.157325,55434.5311,51818.306475,107252.837575,53829.46905,54163.026225,2254.0,691.0,108025.259636
2012-02-10,23.891122,77.375932,55284.056308,51300.242916,106584.299224,53850.588988,53466.769012,2246.0,693.0,107338.743961
2012-02-13,23.912799,78.166206,55334.216886,51824.194578,107158.411464,53708.146554,54169.180758,2256.0,690.0,107935.090385
2012-02-14,23.878111,78.130687,55253.948854,51800.645481,107054.594335,53869.018416,53910.17403,2257.0,690.0,107832.326147
2012-02-15,24.042854,77.782056,55635.164156,51569.503128,107204.667284,54264.721478,53669.61864,2245.0,694.0,107963.595708
2012-02-16,24.211922,78.354179,56026.387508,51948.820677,107975.208185,54355.76489,54377.800226,2245.0,693.0,108740.20673
2012-02-17,24.433019,78.273721,56538.005966,51895.477023,108433.482989,54852.127655,54243.688653,2234.0,697.0,109180.812101
2012-02-21,24.346315,78.30948,56337.37291,51919.18524,108256.55815,54389.66771,54581.70756,2238.0,696.0,109012.039388
2012-02-22,24.376656,78.452514,56407.581984,52014.016782,108421.598766,54554.956128,54602.949744,2239.0,695.0,109179.49421
2012-02-23,24.402669,78.577665,56467.776066,52096.991895,108564.767961,54637.575891,54611.477175,2240.0,695.0,109324.717262
2012-02-24,24.580413,78.845845,56879.075682,52274.795235,109153.870917,55060.12512,54797.862275,2235.0,696.0,109909.248922
2012-02-27,24.53706,78.729634,56778.75684,52197.747342,108976.504182,54840.3291,54795.825264,2236.0,696.0,109731.472111
2012-02-28,24.727806,78.461448,57220.143084,52019.940024,109240.083108,55291.374216,54609.167808,2223.0,700.0,109971.322711
2012-02-29,24.541398,78.30948,56788.794972,51919.18524,108707.980212,54555.527754,54816.636,2229.0,698.0,109450.560127
2012-03-01,24.849196,78.211145,57501.039544,51853.989135,109355.028679,55388.857884,54591.37921,2214.0,703.0,110068.004039
2012-03-02,24.879538,78.237962,57571.250932,51871.768806,109443.019738,55083.297132,55001.287286,2213.0,703.0,110154.033578
2012-03-05,24.831849,77.826749,57460.898586,51599.134587,109060.033173,54952.881837,54712.204547,2210.0,705.0,109759.415082
2012-03-06,24.428681,75.940527,56527.967834,50348.569401,106876.537235,53987.38501,53538.071535,2201.0,708.0,107538.627292
2012-03-07,24.389666,76.405382,56437.687124,50656.768266,107094.45539,53681.654866,54095.010456,2209.0,705.0,107781.872617
2012-03-08,24.922889,77.51387,57671.565146,51391.69581,109063.260956,55054.661801,54647.27835,2201.0,707.0,109741.246264
2012-03-09,25.122309,77.594329,58133.023026,51445.040127,109578.063153,55294.202109,54859.190603,2194.0,710.0,110237.054197
2012-03-12,25.243689,78.255845,58413.896346,51883.625235,110297.521581,55384.653666,55561.64995,2198.0,709.0,110973.038277
2012-03-13,25.547152,79.337516,59116.109728,52600.773108,111716.882836,56152.640096,56250.298844,2199.0,708.0,112406.95469
2012-03-14,25.573164,79.444792,59176.301496,52671.897096,111848.198592,56235.387636,56246.912736,2200.0,708.0,112540.106486
2012-03-15,25.625189,80.454946,59296.687346,53341.629198,112638.316544,56375.4158,56962.101768,2212.0,704.0,113369.750518
2012-03-16,25.759582,80.061609,59607.672748,53080.846767,112688.519515,56980.195384,56363.372736,2200.0,708.0,113390.118586
2012-03-19,26.106396,80.222519,60410.200344,53187.530097,113597.730441,57434.0712,56797.543452,2188.0,712.0,114267.033666
2012-03-20,26.184425,79.873881,60590.75945,52956.383103,113547.142553,57291.5219,56870.203272,2180.0,714.0,114189.530862
2012-03-21,26.180089,79.480551,60580.725946,52695.605313,113276.331259,57072.59402,56749.113414,2175.0,716.0,113899.240762
2012-03-22,26.058707,79.176606,60299.847998,52494.089778,112793.937776,56677.687725,56690.449896,2176.0,716.0,113417.610292
2012-03-23,26.184425,79.078272,60590.75945,52428.894336,113019.653786,56977.3088,56620.042752,2169.0,718.0,113620.765516
2012-03-26,26.440199,79.668278,61182.620486,52820.068314,114002.6888,57348.791631,57201.823604,2167.0,719.0,114599.16363
2012-03-27,26.587593,79.686154,61523.690202,52831.920102,114355.610304,57615.314031,57294.344726,2161.0,721.0,114931.419272
2012-03-28,26.496561,79.06933,61313.042154,52422.96579,113736.007944,57259.068321,57008.98693,2156.0,722.0,114289.969016
2012-03-29,26.435861,79.355392,61172.582354,52612.624896,113785.20725,56995.716316,57294.593024,2163.0,720.0,114365.63658
2012-03-30,26.570254,79.74873,61483.567756,52873.40799,114356.975746,57471.459402,57419.0856,2162.0,720.0,114939.531999
2012-04-02,26.548577,79.766612,61433.407178,52885.263756,114318.670934,57398.023474,57431.96064,2164.0,720.0,114905.541365
2012-04-03,26.505226,79.373275,61333.092964,52624.481325,113957.574289,57357.309064,57148.758,2160.0,721.0,114528.527161
2012-04-04,26.643955,78.524024,61654.11187,52061.427912,113715.539782,57550.9428,56615.821304,2143.0,727.0,114215.87183
2012-04-05,26.57459,78.014476,61493.60126,51723.597588,113217.198848,56949.34637,56716.524052,2139.0,728.0,113696.781239
2012-04-09,26.431534,77.174174,61162.569676,51166.477362,112329.047038,56537.051226,56182.798672,2133.0,730.0,112779.044599
2012-04-10,26.071708,75.609772,60329.932312,50129.278836,110459.211148,55610.953164,55195.13356,2126.0,733.0,110869.522281
2012-04-11,26.084832,76.298106,60360.301248,50585.644278,110945.945526,55456.352832,55926.511698,2135.0,730.0,111401.972727
2012-04-12,26.111067,77.647963,60421.009038,51480.599469,111901.608507,55747.128045,56683.01299,2153.0,724.0,112443.380062
2012-04-13,26.054222,76.60205,60289.469708,50787.15915,111076.628858,56094.739966,55459.8842,2140.0,728.0,111563.751765
2012-04-16,26.167902,77.23675,60552.525228,51207.96525,111760.490478,55999.31028,56228.354,2145.0,726.0,112269.088565
2012-04-17,26.421489,78.175387,61139.325546,51830.281581,112969.607127,56674.093905,56755.330962,2147.0,725.0,113494.483142
2012-04-18,26.434612,77.889325,61169.692168,51640.622475,112810.314643,56755.111964,56469.760625,2143.0,727.0,113315.263273
2012-04-19,26.019248,77.594329,60208.539872,51445.040127,111653.579999,55759.248464,56411.077183,2156.0,723.0,112210.676129
2012-04-20,26.181015,78.202211,60582.86871,51848.065893,112430.934603,56446.26834,56540.198553,2158.0,722.0,112998.944467
2012-04-23,26.17665,77.889325,60572.7681,51640.622475,112213.390575,56489.2107,56236.09265,2153.0,723.0,112763.621105
2012-04-24,26.552657,79.105089,61442.848298,52446.674007,113889.522305,57167.870521,57192.979347,2155.0,723.0,114452.161548
2012-04-25,26.933045,79.382216,62323.06613,52630.409208,114953.475338,58040.711975,57393.342168,2143.0,727.0,115472.260509
2012-04-26,27.046725,79.847064,62586.12165,52938.603432,115524.725082,57961.131675,58048.815528,2145.0,726.0,116053.821245
2012-04-27,27.103561,79.882823,62717.640154,52962.311649,115679.951803,58137.138345,57994.929498,2143.0,727.0,116201.695499
2012-04-30,27.134171,79.882823,62788.471694,52962.311649,115750.783343,58148.528453,58074.812321,2142.0,727.0,116267.292729
2012-05-01,27.208494,80.097367,62960.455116,53104.554321,116065.009437,58280.594148,58230.785809,2142.0,727.0,116582.466083
2012-05-02,27.392131,80.02585,63385.391134,53057.13855,116442.529684,58673.944602,58178.79295,2134.0,730.0,116923.823678
2012-05-03,27.567022,79.90964,63790.088908,52980.09132,116770.180228,58828.024948,58334.0372,2125.0,733.0,117212.207772
2012-05-04,27.2872,79.265999,63142.5808,52553.357337,115695.938137,57985.3,58101.977267,2128.0,732.0,116145.797169
2012-05-07,27.330922,78.676,63243.753508,52162.188,115405.941508,58160.202016,57590.832,2118.0,735.0,115806.958317
2012-05-08,27.370271,78.273721,63334.807094,51895.477023,115230.284117,57970.233978,57531.184935,2111.0,738.0,115594.624434
2012-05-09,26.77127,78.014476,61948.71878,51723.597588,113672.316368,56514.15097,57574.683288,2131.0,731.0,114138.810513
2012-05-10,27.204129,77.889325,62950.354506,51640.622475,114590.976981,57971.998899,56937.096575,2113.0,738.0,114969.747661
2012-05-11,27.125423,77.531753,62768.228822,51403.552239,114171.781061,57316.018799,57218.433714,2111.0,738.0,114539.553747
2012-05-14,26.968021,76.727202,62404.000594,50870.134926,113274.13552,56929.492331,56624.675076,2106.0,740.0,113613.519487
2012-05-15,27.059839,76.682502,62616.467446,50840.498826,113456.966272,56988.020934,56745.05148,2102.0,741.0,113773.810195
2012-05-16,27.348409,76.826524,63284.218426,50935.985412,114220.203838,57486.355718,56928.454284,2093.0,745.0,114487.104637
2012-05-17,27.208494,75.917386,62960.455116,50333.226918,113293.682034,56947.377942,56558.45257,2086.0,747.0,113516.954732
2012-05-18,26.919933,75.170279,62292.724962,49837.894977,112130.619939,56154.980238,56152.198413,2086.0,747.0,112356.927557
2012-05-21,27.024865,76.025405,62535.53761,50404.843515,112940.381125,56373.86839,56790.977535,2094.0,744.0,113214.594831
2012-05-22,27.103561,75.728358,62717.640154,50207.901354,112925.541508,56754.856734,56341.898352,2087.0,747.0,113158.381287
2012-05-23,26.832487,76.331454,62090.374918,50607.754002,112698.12892,55999.400369,57019.596138,2106.0,740.0,113043.162561
2012-05-24,27.291573,76.493479,63152.699922,50715.176577,113867.876499,57476.052738,56605.17446,2090.0,746.0,114129.896177
2012-05-25,27.217242,76.313448,62980.697988,50595.816024,113576.514012,56884.03578,56929.832208,2091.0,745.0,113840.241261
2012-05-29,27.169145,77.16858,62869.40153,51162.76854,114032.17007,56810.682195,57490.5921,2104.0,741.0,114376.743774
2012-05-30,27.016116,76.016401,62515.292424,50398.873863,112914.166287,56841.908064,56328.153141,2095.0,744.0,113201.006119
2012-05-31,27.016116,75.980402,62515.292424,50375.006526,112890.29895,56598.76302,56529.419088,2094.0,744.0,113174.222863
2012-06-01,26.460847,74.576187,61230.399958,49444.011981,110674.411939,55409.013618,55484.683128,2096.0,743.0,110966.753617
2012-06-04,26.32968,74.36916,60926.87952,49306.75308,110233.6326,55187.00928,55256.28588,2099.0,743.0,110538.006524
2012-06-05,26.364654,74.270144,61007.809356,49241.105472,110248.914828,55339.408746,55182.716992,2096.0,744.0,110537.848062
2012-06-06,26.688197,76.178426,61756.487858,50506.296438,112262.784296,55938.460912,56676.748944,2110.0,739.0,112635.755998
2012-06-07,26.758156,76.961546,61918.372984,51025.504998,112943.877982,56459.70916,56874.582494,2118.0,736.0,113362.095168
2012-06-08,27.055465,77.411613,62606.34601,51323.899419,113930.245429,57303.47487,56974.947168,2112.0,738.0,114323.044942
2012-06-11,26.893698,76.673503,62232.017172,50834.532489,113066.549661,56799.490176,56585.045214,2108.0,739.0,113436.667858
2012-06-12,27.090449,78.068715,62687.298986,51759.558045,114446.857031,57106.666492,57692.780385,2120.0,735.0,114882.480634
2012-06-13,26.893698,77.528629,62232.017172,51401.481027,113633.498199,57014.63976,56983.542315,2120.0,735.0,114068.405304
2012-06-14,27.169145,78.18573,62869.40153,51837.13899,114706.54052,57598.5874,57466.51155,2118.0,736.0,115135.322179
2012-06-15,27.326547,78.70781,63233.629758,52183.27803,115416.907788,57877.626546,57928.94816,2119.0,735.0,115852.950495
2012-06-18,27.413993,78.590788,63435.979802,52105.692444,115541.672246,58090.251167,57764.22918,2114.0,737.0,115952.237399
2012-06-19,27.488324,79.049859,63607.981736,52410.056517,116018.038253,58110.316936,58259.746083,2118.0,736.0,116447.70846
2012-06-20,27.466464,78.797822,63557.397696,52242.955986,115800.353682,58173.970752,57995.196992,2115.0,737.0,116215.909748
2012-06-21,27.212867,78.068715,62970.574238,51759.558045,114730.132283,57555.213705,57536.642955,2115.0,737.0,115142.200234
2012-06-22,27.247851,78.158727,63051.527214,51819.236001,114870.763215,57629.204865,57602.981799,2115.0,737.0,115282.530238
2012-06-25,27.160406,77.276592,62849.179484,51234.380496,114083.55998,57444.25869,56952.848304,2106.0,740.0,114447.450568
2012-06-26,27.260964,77.573638,63081.870696,51431.321994,114513.19269,57411.590184,57404.49212,2107.0,740.0,114879.039756
2012-06-27,27.488324,78.455773,63607.981736,52016.177499,115624.159235,57917.898668,58057.27202,2110.0,739.0,116010.867176
2012-06-28,27.505811,78.455773,63648.446654,52016.177499,115664.624153,58037.26121,57978.816247,2109.0,739.0,116047.764746
2012-06-29,28.187885,80.652098,65226.76589,53472.340974,118699.106864,59448.249465,59601.900422,2112.0,738.0,119109.342987
2012-07-02,28.257833,80.364055,65388.625562,53281.368465,118669.994027,59680.543296,59308.67259,2106.0,740.0,119044.497429
2012-07-03,28.345279,80.74211,65590.975606,53532.01893,119122.994536,59695.157574,59749.1614,2108.0,740.0,119508.419405
2012-07-05,28.310305,80.625095,65510.04577,53454.437985,118964.483755,59678.12294,59662.5703,2107.0,740.0,119348.103113
2012-07-06,28.310305,80.103015,65510.04577,53108.298945,118618.344715,59649.812635,59276.2311,2101.0,742.0,118961.763913
2012-07-09,28.686318,80.076012,66380.139852,53090.395956,119470.535808,60269.954118,59416.400904,2086.0,747.0,119731.731
2012-07-10,28.712555,79.436917,66440.85227,52666.675971,119107.528241,59894.38973,59339.376999,2077.0,750.0,119309.057417
2012-07-11,28.72136,79.076862,66461.22704,52427.959506,118889.186546,59654.26472,59307.6465,2072.0,752.0,119057.304152
2012-07-12,28.699329,77.780672,66410.247306,51568.585536,117978.832842,59465.009688,58491.065344,2056.0,758.0,118036.92104
2012-07-13,28.84034,78.842825,66736.54676,52272.792975,119009.339735,59295.73904,59762.86135,2065.0,755.0,119131.95163
2012-07-16,28.853554,79.301896,66767.123956,52577.157048,119344.281004,59582.58901,59872.93148,2070.0,753.0,119505.837145
2012-07-17,29.285395,80.094019,67766.40403,53102.334597,120868.738627,60620.76765,60310.796307,2065.0,755.0,120996.216634
2012-07-18,29.051845,81.795274,67225.96933,54230.266662,121456.235992,59992.059925,61755.43187,2096.0,744.0,121798.383409
2012-07-19,28.994566,81.759267,67093.425724,54206.394021,121299.819745,60772.610336,60828.894648,2097.0,743.0,121651.537417
2012-07-20,28.668489,81.00315,66338.883546,53705.08845,120043.971996,60117.821433,60185.34045,2099.0,743.0,120405.959017
2012-07-23,28.483414,80.436068,65910.619996,53329.113084,119239.73308,59786.685986,59763.998524,2099.0,743.0,119596.144666
2012-07-24,28.17496,79.427914,65196.85744,52660.706982,117857.564422,59139.24104,59014.940102,2097.0,744.0,118199.641298
2012-07-25,28.254283,79.886985,65380.410862,52965.071055,118345.481917,59249.231451,59435.91684,2100.0,742.0,118707.530453
2012-07-26,28.487821,81.54323,65920.817794,54063.16149,119983.979284,59824.4241,60505.07666,2113.0,738.0,120426.894043
2012-07-27,29.254546,82.551384,67695.019444,54731.567592,122426.587036,61814.855698,60922.921392,2098.0,743.0,122791.00162
2012-07-30,29.347083,82.164325,67909.150062,54474.947475,122384.097537,61570.180134,61048.093475,2090.0,746.0,122697.559409
2012-07-31,29.219298,82.119323,67613.455572,54445.111149,122058.566721,61068.33282,61261.014958,2094.0,745.0,122396.917267
2012-08-01,29.126761,82.092313,67399.324954,54427.203519,121826.528473,60991.437534,61158.773185,2097.0,744.0,122183.022339
2012-08-02,29.232513,81.084166,67644.035082,53758.802058,121402.83714,61300.579761,60326.619504,2080.0,750.0,121654.722915
2012-08-03,29.342675,82.54238,67898.94995,54725.59794,122624.54789,61032.764,61906.785,2095.0,744.0,122977.520375
2012-08-06,29.245738,82.281347,67674.637732,54552.533061,122227.170793,61269.82111,61217.322168,2095.0,744.0,122580.228808
2012-08-07,29.095911,82.54238,67327.938054,54725.59794,122053.535994,60955.933545,61411.53072,2104.0,741.0,122460.549795
2012-08-08,29.038631,82.479371,67195.392134,54683.822973,121879.215107,61097.279624,61117.213911,2105.0,741.0,122293.343006
2012-08-09,28.959317,82.443365,67011.859538,54659.950995,121671.810533,60959.362285,61090.533465,2108.0,740.0,122099.70659
2012-08-10,29.131168,83.073464,67409.522752,55077.706632,122487.229384,61408.502144,61474.36336,2109.0,739.0,122928.241758
2012-08-13,29.078287,83.172479,67287.156118,55143.353577,122430.509695,61326.107283,61464.461981,2113.0,738.0,122889.887814
2012-08-14,29.157608,83.082467,67470.704912,55083.675621,122554.380533,61610.025704,61314.860646,2109.0,740.0,122991.064231
2012-08-15,29.267771,83.298497,67725.622094,55226.903511,122952.525605,61725.729039,61640.88778,2107.0,740.0,123383.260198
2012-08-16,29.272169,84.378657,67735.799066,55943.049591,123678.848657,61676.460083,62440.20618,2121.0,735.0,124191.845184
2012-08-17,29.047447,84.828724,67215.792358,56241.444012,123457.23637,61609.635087,62349.11214,2135.0,731.0,124046.009067
2012-08-20,28.963717,84.513678,67022.041138,56032.568514,123054.609652,61837.535795,61779.498618,2134.0,731.0,123636.946891
2012-08-21,28.774242,83.901586,66583.595988,55626.751518,122210.347506,61404.232428,61332.059366,2133.0,731.0,122785.167989
2012-08-22,28.879996,83.95594,66828.310744,55662.78822,122491.098964,61601.031468,61371.79214,2130.0,732.0,123050.474045
2012-08-23,28.787457,83.321834,66614.175498,55242.375942,121856.55144,61317.28341,60991.582488,2125.0,734.0,122389.200383
2012-08-24,29.01219,84.091822,67134.20766,55752.877986,122887.085646,61650.90375,61723.397348,2127.0,733.0,123431.9292
2012-08-27,28.959317,83.874408,67011.859538,55608.732504,122620.592042,61596.467259,61479.941064,2126.0,734.0,123160.103867
2012-08-28,28.963717,83.611712,67022.041138,55434.565056,122456.606194,61576.862342,61370.996608,2122.0,735.0,122976.639403
2012-08-29,28.910844,83.729473,66899.693016,55512.640599,122412.333615,61348.810968,61541.162655,2126.0,734.0,122950.997232
2012-08-30,28.818307,83.122542,66685.562398,55110.245346,121795.807744,61267.720682,61011.945828,2122.0,735.0,122308.776216
2012-08-31,28.879996,83.883469,66828.310744,55614.739947,122443.050691,61283.351512,61654.349715,2129.0,733.0,122998.961619
2012-09-04,28.844747,83.050071,66746.744558,55062.197073,121808.941631,61410.466363,60875.702043,2120.0,736.0,122313.035764
2012-09-05,28.972534,83.113481,67042.443676,55104.237903,122146.681579,61421.77208,61171.522016,2116.0,737.0,122630.613964
2012-09-06,29.488093,84.49946,68235.447202,56023.14198,124258.589182,62396.804788,62276.10202,2115.0,738.0,124743.003331
2012-09-07,29.38674,84.082761,68000.91636,55746.870543,123747.786903,62152.9551,62053.077618,2113.0,738.0,124221.117874
2012-09-10,29.607062,82.135141,68510.741468,54455.598483,122966.339951,62559.722006,60615.734058,2081.0,750.0,123249.3147
2012-09-11,29.668753,82.588076,68653.494442,54755.894388,123409.38883,61740.674993,61941.057,2084.0,749.0,123717.394921
2012-09-12,29.893483,82.261962,69173.519662,54539.680806,123713.200468,62298.018572,61614.209538,2073.0,753.0,123941.472855
2012-09-13,30.523613,83.394299,70631.640482,55290.420237,125922.060719,63275.449749,62795.907147,2065.0,756.0,126100.382106
2012-09-14,30.082968,85.133572,69611.987952,56443.558236,126055.546188,62121.32892,64360.980432,2102.0,742.0,126505.340569
2012-09-17,30.457517,84.952394,70478.694338,56323.437222,126802.13156,64021.700734,63034.676348,2087.0,748.0,127158.208491
2012-09-18,30.364978,84.635342,70264.559092,56113.231746,126377.790838,63371.709086,63307.235816,2086.0,748.0,126727.924702
2012-09-19,30.558864,84.816513,70713.211296,56233.348119,126946.559415,63745.790304,63442.751724,2082.0,750.0,127267.886806
2012-09-20,30.783593,84.771223,71233.234202,56203.320849,127436.555051,64091.440626,63578.41725,2074.0,753.0,127701.805084
2012-09-21,30.67784,84.436049,70988.52176,55981.100487,126969.622247,63625.84016,63580.344897,2073.0,753.0,127230.08734
2012-09-24,30.673432,84.907105,70978.321648,56293.410615,127271.732263,63586.024536,63935.050065,2079.0,751.0,127575.654724
2012-09-25,30.655807,84.091822,70937.537398,55752.877986,126690.415384,63733.422753,63152.958322,2070.0,754.0,126926.734816
2012-09-26,30.488358,83.874408,70550.060412,55608.732504,126158.792916,63110.90106,63241.303632,2073.0,753.0,126416.18523
2012-09-27,30.545645,84.082761,70682.62253,55746.870543,126429.493073,63321.122085,63314.319033,2073.0,753.0,126691.83099
2012-09-28,30.210751,83.720412,69907.677814,55506.633156,125414.31097,62626.886823,63041.470236,2080.0,750.0,125724.746931
2012-10-01,30.439885,84.508521,70437.89389,56029.149423,126467.043313,63314.9608,63381.39075,2082.0,750.0,126792.427401
2012-10-02,30.201937,84.734988,69887.282218,56179.297044,126066.579262,62880.432834,63551.241,2093.0,746.0,126466.869915
2012-10-03,30.770368,84.952394,71202.631552,56323.437222,127526.068774,64402.380224,63374.485924,2076.0,752.0,127818.780874
2012-10-04,31.188983,85.541211,72171.306662,56713.822893,128885.129555,64748.328708,64326.990672,2070.0,754.0,129130.615998
2012-10-05,31.554725,86.02132,73017.63365,57032.13516,130049.76881,65318.28075,64860.07528,2063.0,757.0,130249.704124
2012-10-08,31.426941,86.39273,72721.941474,57278.37999,130000.321464,64833.779283,65399.29661,2072.0,753.0,130267.243102
